OrgDefinedId,Username,Last Name,First Name,GitHub ID Text Grade,Team ID Text Grade,Assignment 1 Points Grade,Feedback Text Grade,End-of-Line Indicator
202037586,kyled,Dalton,Kyle,kedalton,B,2,"On time, correct branch, doc/profiles.md updated -- full marks.",#
202092671,padejubu,Adejubu,Praise,femy4ever,L,2,"On time, correct branch, doc/profiles.md updated -- full marks.",#
202095699,bnaik,Naik,Banipriya,banipriya940,C,2,"On time, correct branch, doc/profiles.md updated -- full marks.",#
202315672,jpfsecundo,Feitosa Secundo,Joao Paulo,jp9910,D,2,"On time, correct branch, doc/profiles.md updated -- full marks.",#
202387610,mustafizur23,Rahman,Mustafizur,mustafizur232,E,2,"On time, correct branch, doc/profiles.md updated -- full marks.",#
202388857,mceke,Eke,Maxwellington,max-wel,M,2,"On time, correct branch, doc/profiles.md updated -- full marks.",#
202389480,yuxuanl23,Liu,Yuxuan,yuxuanl2486-cmyk,O,2,"On time, correct branch, doc/profiles.md updated -- full marks.",#
202483493,atarikaziz,Tarik Aziz,Ahammed,azizTarik-ui,F,2,"On time, correct branch, doc/profiles.md updated -- full marks.",#
202488209,jsabzali,Sabzali,Jaber,jabysa,N,2,"On time, correct branch, doc/profiles.md updated -- full marks.",#
202488212,oaakinuli,Akinuli,Olaleye,leyeaa,G,2,"On time, correct branch, doc/profiles.md updated -- full marks.",#
202488660,dcanovagarci,Canova Garcia,Walder De Jesus,wjcanova-code,H,2,"On time, correct branch, doc/profiles.md updated -- full marks.",#
202488732,mzuddin,Uddin,Md Zahin,Zahin52,L,2,"On time, correct branch, doc/profiles.md updated -- full marks.",#
202488969,dhtran,Tran,Dang,danghtran,G,2,"On time, correct branch, doc/profiles.md updated -- full marks.",#
202493063,gaotinkorang,Otinkorang,Gershon,gotinkorang1,D,2,"On time, correct branch, doc/profiles.md updated -- full marks.",#
202580303,maariyo,Ariyo,Michael,ariyomichael-maariyo,H,2,"On time, correct branch, doc/profiles.md updated -- full marks.",#
202580369,aaadekoya,Adekoya,Ahmed,iamhammyboi19,E,2,"On time, correct branch, doc/profiles.md updated -- full marks.",#
202580677,iaokraku,Okraku,Isaac,okraks,J,2,"On time, correct branch, doc/profiles.md updated -- full marks.",#
202580698,tmobarak,Mobarak,Tasnim,tasnimpro1825-dev,K,2,Branch name should have been 'tmobarak-asgn1' instead of 'tasnimmobarak-asgn1' (expected format {munname}-asgn1).,#
202581528,tanzimr,Rahman,Tanzim,rahmantanzim,L,2,"On time, correct branch, doc/profiles.md updated -- full marks.",#
202582280,samridhb,Barthaval,Samridh,Samridh2305,B,2,"On time, correct branch, doc/profiles.md updated -- full marks.",#
202582964,abernalgarci,Bernal Garcia,Miguel Alvaro,abernalgarci-mun,M,2,"On time, correct branch, doc/profiles.md updated -- full marks.",#
202583018,ooayenimelo,Ayenimelo,Opemipo,ooayenimelo,G,2,"On time, correct branch, doc/profiles.md updated -- full marks.",#
202583182,fphosearamon,Hosea-Ramon,Fortune,ghosthr-mun,J,2,"On time, correct branch, doc/profiles.md updated -- full marks.",#
202583197,tarbiah,Hasan,Tarbia,TarbiaHasan,F,1,Your commits on that branch were made after the deadline.,#
202583213,pcogbonna,Ogbonna,Philip,Philip007active,N,2,"On time, correct branch, doc/profiles.md updated -- full marks.",#
202583307,frivasbarrer,Rivas Barrera,María,MaferRb,P,2,"On time, correct branch, doc/profiles.md updated -- full marks.",#
202583341,mabdulc,Chowdhury,Md Abdul Hadi,hadiChowdhury,H,2,"On time, correct branch, doc/profiles.md updated -- full marks.",#
202583603,saikiran,.,Saikiran,saikiran6694,E,1,Your commits on that branch were all made after the deadline.,#
202583608,otaditi,Aditi,Oyshi Tabassum,,,0,No Team,#
202583673,akanaiyalalp,Patel,Akshkumar Kanaiyalal,aksh-me,B,1,Your commits on that branch were all made after the deadline.,#
202583718,jochidiebere,Chidiebere,Juliet,,,0,No Team,#
202583757,jrdoriwala,Doriwala,Jeet Rakesh,Jeet09-Oven,C,2,"On time, correct branch, doc/profiles.md updated -- full marks.",#
202584511,gkrishnanpur,Krishnan Puravankara,Gayathri,aria-21z,D,2,"On time, correct branch, doc/profiles.md updated -- full marks.",#
202584550,deimaha,Imaha,Destiny,Des7tiny,A,2,"On time, correct branch, doc/profiles.md updated -- full marks.",#
202680103,lairee,Airee,Lata,LataAiree,E,2,"On time, correct branch, doc/profiles.md updated -- full marks.",#
202680119,amegalraj,Megalraj,Anitha,Anitha2308,F,2,Branch name should have been 'amegalraj-asgn1' instead of 'anithaassign' (expected format {munname}-asgn1).,#
202680150,arabayomi,Abayomi,Akinola Richard,abayomirichard,K,2,"On time, correct branch, doc/profiles.md updated -- full marks.",#
202680209,jmamichealra,Micheal Raj,Jerom Mariya Antony,JeromMariyaAntony,C,2,"On time, correct branch, doc/profiles.md updated -- full marks.",#
202680233,tanurudeen,Nurudeen,Toheeb,Tanurudeen,G,2,"On time, correct branch, doc/profiles.md updated -- full marks.",#
202680417,apsingh,Singh,Amar,amarpsp10,M,1,Your commits on that branch were made after the deadline.,#
202680535,pcuzochukwu,Uzochukwu,Precious,uzor13,A,2,"On time, correct branch, doc/profiles.md updated -- full marks.",#
202680794,cmaponce,Ponce,Chad Michael,cmaponce-munSWE,N,2,"On time, correct branch, doc/profiles.md updated -- full marks.",#
202680822,dtdominic,Dominic,Daniel,ddan18,A,2,"On time, correct branch, doc/profiles.md updated -- full marks.",#
202680825,aaabdulkabir,Abdulkabir,Abdullahi,abdullahiabdulkabir,D,2,"On time, correct branch, doc/profiles.md updated -- full marks.",#
202681021,amuhammadraj,Muhammad Raji,Muhammad Sadiq,Algorithman88,B,2,"On time, correct branch, doc/profiles.md updated -- full marks.",#
202681062,sishondhy,Shondhy,Sumaiya,Sumaiya,J,2,"On time, correct branch, doc/profiles.md updated -- full marks.",#
202681138,eafedzi,Afedzi,Emile,eafedzi26,H,2,"On time, correct branch, doc/profiles.md updated -- full marks.",#
202681166,arpitab,Bhattacharjee,Arpita,ArpitaBhattacharjee,O,1,Your commits on that branch were all made after the deadline.,#
202681197,karmag,Gurung,Karma,PurpleBuffalo64,J,2,"On time, correct branch, doc/profiles.md updated -- full marks.",#
202681258,pgebiboh,Ebiboh,Pereye,2preye,G,2,"On time, correct branch, doc/profiles.md updated -- full marks.",#
202681309,pperiyasamy,Periyasamy,Prakash,pperiyasamy-4404,D,2,"On time, correct branch, doc/profiles.md updated -- full marks.",#
202681437,atamunowunar,Tamunowunari-Tasker,Anointing,Cherryland120,H,2,"On time, correct branch, doc/profiles.md updated -- full marks.",#
202681480,mosunday,Sunday,Marvellous,SundayMarvellous,M,2,"On time, correct branch, doc/profiles.md updated -- full marks.",#
202682085,oaaladeusi,Aladeusi,Olawale,oaaladeusi,J,2,"On time, correct branch, doc/profiles.md updated -- full marks.",#
202682265,sravichandra,Ravichandran,Shiva Suriya,rshivasuriya-del,K,2,"On time, correct branch, doc/profiles.md updated -- full marks.",#
202682367,sbillah,Billah,Sadee Musaddique,smbtbillah,L,2,"On time, correct branch, doc/profiles.md updated -- full marks.",#
202683228,mmusshakin,Shakin,Md Musab Us Saber,mdShakin202683228,M,2,"On time, correct branch, doc/profiles.md updated -- full marks.",#
202683404,miurehman,REHMAN,MUHAMMAD IRTZA UR,MuhammadIrtzaUrRehman,N,2,Branch name should have been 'miurehman-asgn1' instead of 'mirtza-asgn1' (expected format {munname}-asgn1).,#
202683489,ukarki,Karki,Utsav,utsav1o1,A,2,"On time, correct branch, doc/profiles.md updated -- full marks.",#
202683565,egracidasrey,Gracidas Reyes,Eduardo,EuardoGracidas,F,2,Branch name should have been 'egracidasrey-asgn1' instead of 'EduardoG-asgn1' (expected format {munname}-asgn1).,#
202683571,mrkkhan,Khan,Md Rafiul Karim,rafikk93,C,2,"On time, correct branch, doc/profiles.md updated -- full marks.",#
202683572,moskhan,Khan,Md Omar Shohid,omarshohidkhan,B,2,"On time, correct branch, doc/profiles.md updated -- full marks.",#
202684017,tosayomwanbo,Osayomwanbor,Tracy,tracyosayomwanbor,E,2,"On time, correct branch, doc/profiles.md updated -- full marks.",#
202684309,mrreaz,Reaz,Md. Rafid,rafidreaz,C,2,"On time, correct branch, doc/profiles.md updated -- full marks.",#
202684471,abadigun,Adigun,Arafat,Bisola14,N,2,"On time, correct branch, doc/profiles.md updated -- full marks.",#
202684491,prajeets,Shrestha,Prajeet,Prajeet-Shrestha,F,2,"On time, correct branch, doc/profiles.md updated -- full marks.",#
202684719,miadewale,Adewale,Mololuwa,molo-ade,P,2,"On time, correct branch, doc/profiles.md updated -- full marks.",#
202684905,mtolaniyi,Olaniyi,Modebola,Modebola21,O,1,Your commits on that branch were all made after the deadline.,#
202684964,apaudel,Paudel,Abishek,abishekpaudel,K,2,"On time, correct branch, doc/profiles.md updated -- full marks.",#
202685089,mkaur26,.,Manpreet,New-Man-Coder,P,2,Branch name should have been 'mkaur26-asgn1'  instead of 'mkaur-asgn1' (expected format {munname}-asgn1).,#
202685117,mroma,Roma,Mosh,tanjilaroma,P,2,"On time, correct branch, doc/profiles.md updated -- full marks.",#
202685271,wlwinmoe,Lwin Moe,Wai,wailwinmoe,K,2,"On time, correct branch, doc/profiles.md updated -- full marks.",#
202685362,mkhadka,Khadka,Margashi,margashikhadka123,A,2,Committed using a different github account than the one provided.,#