OrgDefinedId,Username,Assignment 1 Points Grade,Feedback Asgn1 Text Grade,End-of-Line Indicator
#202037586,#kyled,2,"On time, correct branch, doc/profiles.md updated -- full marks.",#
#202092671,#padejubu,2,"On time, correct branch, doc/profiles.md updated -- full marks.",#
#202095699,#bnaik,2,"On time, correct branch, doc/profiles.md updated -- full marks.",#
#202315672,#jpfsecundo,2,"On time, correct branch, doc/profiles.md updated -- full marks.",#
#202387610,#mustafizur23,2,"On time, correct branch, doc/profiles.md updated -- full marks.",#
#202388857,#mceke,2,"On time, correct branch, doc/profiles.md updated -- full marks.",#
#202389480,#yuxuanl23,2,"On time, correct branch, doc/profiles.md updated -- full marks.",#
#202483493,#atarikaziz,2,"On time, correct branch, doc/profiles.md updated -- full marks.",#
#202488209,#jsabzali,2,"On time, correct branch, doc/profiles.md updated -- full marks.",#
#202488212,#oaakinuli,2,"On time, correct branch, doc/profiles.md updated -- full marks.",#
#202488660,#dcanovagarci,2,"On time, correct branch, doc/profiles.md updated -- full marks.",#
#202488732,#mzuddin,2,"On time, correct branch, doc/profiles.md updated -- full marks.",#
#202488969,#dhtran,2,"On time, correct branch, doc/profiles.md updated -- full marks.",#
#202493063,#gaotinkorang,2,"On time, correct branch, doc/profiles.md updated -- full marks.",#
#202580303,#maariyo,2,"On time, correct branch, doc/profiles.md updated -- full marks.",#
#202580369,#aaadekoya,2,"On time, correct branch, doc/profiles.md updated -- full marks.",#
#202580677,#iaokraku,2,"On time, correct branch, doc/profiles.md updated -- full marks.",#
#202580698,#tmobarak,2,Branch name should have been 'tmobarak-asgn1' instead of 'tasnimmobarak-asgn1' (expected format {munname}-asgn1).,#
#202581528,#tanzimr,2,"On time, correct branch, doc/profiles.md updated -- full marks.",#
#202582280,#samridhb,2,"On time, correct branch, doc/profiles.md updated -- full marks.",#
#202582964,#abernalgarci,2,"On time, correct branch, doc/profiles.md updated -- full marks.",#
#202583018,#ooayenimelo,2,"On time, correct branch, doc/profiles.md updated -- full marks.",#
#202583182,#fphosearamon,2,"On time, correct branch, doc/profiles.md updated -- full marks.",#
#202583197,#tarbiah,1,Your commits on that branch were made after the deadline.,#
#202583213,#pcogbonna,2,"On time, correct branch, doc/profiles.md updated -- full marks.",#
#202583307,#frivasbarrer,2,"On time, correct branch, doc/profiles.md updated -- full marks.",#
#202583341,#mabdulc,2,"On time, correct branch, doc/profiles.md updated -- full marks.",#
#202583603,#saikiran,1,Your commits on that branch were all made after the deadline.,#
#202583608,#otaditi,0,No Team,#
#202583673,#akanaiyalalp,1,Your commits on that branch were all made after the deadline.,#
#202583718,#jochidiebere,0,No Team,#
#202583757,#jrdoriwala,2,"On time, correct branch, doc/profiles.md updated -- full marks.",#
#202584511,#gkrishnanpur,2,"On time, correct branch, doc/profiles.md updated -- full marks.",#
#202584550,#deimaha,2,"On time, correct branch, doc/profiles.md updated -- full marks.",#
#202680103,#lairee,2,"On time, correct branch, doc/profiles.md updated -- full marks.",#
#202680119,#amegalraj,2,Branch name should have been 'amegalraj-asgn1' instead of 'anithaassign' (expected format {munname}-asgn1).,#
#202680150,#arabayomi,2,"On time, correct branch, doc/profiles.md updated -- full marks.",#
#202680209,#jmamichealra,2,"On time, correct branch, doc/profiles.md updated -- full marks.",#
#202680233,#tanurudeen,2,"On time, correct branch, doc/profiles.md updated -- full marks.",#
#202680417,#apsingh,1,Your commits on that branch were made after the deadline.,#
#202680535,#pcuzochukwu,2,"On time, correct branch, doc/profiles.md updated -- full marks.",#
#202680794,#cmaponce,2,"On time, correct branch, doc/profiles.md updated -- full marks.",#
#202680822,#dtdominic,2,"On time, correct branch, doc/profiles.md updated -- full marks.",#
#202680825,#aaabdulkabir,2,"On time, correct branch, doc/profiles.md updated -- full marks.",#
#202681021,#amuhammadraj,2,"On time, correct branch, doc/profiles.md updated -- full marks.",#
#202681062,#sishondhy,2,"On time, correct branch, doc/profiles.md updated -- full marks.",#
#202681138,#eafedzi,2,"On time, correct branch, doc/profiles.md updated -- full marks.",#
#202681166,#arpitab,1,Your commits on that branch were all made after the deadline.,#
#202681197,#karmag,2,"On time, correct branch, doc/profiles.md updated -- full marks.",#
#202681258,#pgebiboh,2,"On time, correct branch, doc/profiles.md updated -- full marks.",#
#202681309,#pperiyasamy,2,"On time, correct branch, doc/profiles.md updated -- full marks.",#
#202681437,#atamunowunar,2,"On time, correct branch, doc/profiles.md updated -- full marks.",#
#202681480,#mosunday,2,"On time, correct branch, doc/profiles.md updated -- full marks.",#
#202682085,#oaaladeusi,2,"On time, correct branch, doc/profiles.md updated -- full marks.",#
#202682265,#sravichandra,2,"On time, correct branch, doc/profiles.md updated -- full marks.",#
#202682367,#sbillah,2,"On time, correct branch, doc/profiles.md updated -- full marks.",#
#202683228,#mmusshakin,2,"On time, correct branch, doc/profiles.md updated -- full marks.",#
#202683404,#miurehman,2,Branch name should have been 'miurehman-asgn1' instead of 'mirtza-asgn1' (expected format {munname}-asgn1).,#
#202683489,#ukarki,2,"On time, correct branch, doc/profiles.md updated -- full marks.",#
#202683565,#egracidasrey,2,Branch name should have been 'egracidasrey-asgn1' instead of 'EduardoG-asgn1' (expected format {munname}-asgn1).,#
#202683571,#mrkkhan,2,"On time, correct branch, doc/profiles.md updated -- full marks.",#
#202683572,#moskhan,2,"On time, correct branch, doc/profiles.md updated -- full marks.",#
#202684017,#tosayomwanbo,2,"On time, correct branch, doc/profiles.md updated -- full marks.",#
#202684309,#mrreaz,2,"On time, correct branch, doc/profiles.md updated -- full marks.",#
#202684471,#abadigun,2,"On time, correct branch, doc/profiles.md updated -- full marks.",#
#202684491,#prajeets,2,"On time, correct branch, doc/profiles.md updated -- full marks.",#
#202684719,#miadewale,2,"On time, correct branch, doc/profiles.md updated -- full marks.",#
#202684905,#mtolaniyi,1,Your commits on that branch were all made after the deadline.,#
#202684964,#apaudel,2,"On time, correct branch, doc/profiles.md updated -- full marks.",#
#202685089,#mkaur26,2,Branch name should have been 'mkaur26-asgn1'  instead of 'mkaur-asgn1' (expected format {munname}-asgn1).,#
#202685117,#mroma,2,"On time, correct branch, doc/profiles.md updated -- full marks.",#
#202685271,#wlwinmoe,2,"On time, correct branch, doc/profiles.md updated -- full marks.",#
#202685362,#mkhadka,2,Committed using a different github account than the one provided.,#
