repo,student,munname,branch_name,authorship,file_path,content,on_time,mark_0_1_2,notes
Asgn1TeamA,"Uzochukwu, Precious",pcuzochukwu,True,True,True,True,True,2,PR opened (brief said not to) -- informational
Asgn1TeamA,"Karki, Utsav",ukarki,True,True,True,True,True,2,PR opened (brief said not to) -- informational
Asgn1TeamA,"Dominic, Daniel",dtdominic,True,True,True,True,True,2,PR opened (brief said not to) -- informational
Asgn1TeamA,"Imaha, Destiny",deimaha,True,True,True,True,True,2,PR opened (brief said not to) -- informational
Asgn1TeamA,"Khadka, Margashi",mkhadka,True,False,True,True,False,1,"last commit 2026-09-22T22:27:22+00:00 is after deadline | only 0/15 commits touching doc/profiles.md attributed to student (note: a squash-merged PR may show the merger, not the original author, as commit author -- check manually) | PR opened (brief said not to) -- informational"
Asgn1TeamB,"Muhammad Raji, Muhammad Sadiq",amuhammadraj,True,True,True,True,True,2,PR opened (brief said not to) -- informational
Asgn1TeamB,"Dalton, Kyle",kyled,True,True,True,True,False,1,last commit 2026-09-22T21:51:13+00:00 is after deadline | PR opened (brief said not to) -- informational
Asgn1TeamB,"Barthaval, Samridh",samridhb,True,True,True,True,False,1,last commit 2026-09-22T18:13:48+00:00 is after deadline | PR opened (brief said not to) -- informational
Asgn1TeamB,"Patel, Akshkumar Kanaiyalal",akanaiyalalp,True,True,True,True,False,1,last commit 2026-09-23T02:43:06+00:00 is after deadline | PR opened (brief said not to) -- informational
Asgn1TeamB,"Khan, Md Omar Shohid",moskhan,True,True,True,True,False,1,last commit 2026-09-22T18:07:02+00:00 is after deadline | PR opened (brief said not to) -- informational
Asgn1TeamC,"Khan, Md Rafiul Karim",mrkkhan,True,True,True,True,False,1,last commit 2026-09-22T23:13:26+00:00 is after deadline | PR opened (brief said not to) -- informational
Asgn1TeamC,"Reaz, Md. Rafid",mrreaz,True,True,True,True,False,1,last commit 2026-09-23T21:46:28+00:00 is after deadline | PR opened (brief said not to) -- informational
Asgn1TeamC,"Doriwala, Jeet Rakesh",jrdoriwala,True,True,True,True,False,1,last commit 2026-09-22T18:39:54+00:00 is after deadline | PR opened (brief said not to) -- informational
Asgn1TeamC,"Micheal Raj, Jerom Mariya Antony",jmamichealra,True,True,True,True,False,1,last commit 2026-09-22T18:19:55+00:00 is after deadline | PR opened (brief said not to) -- informational
Asgn1TeamC,"Naik, Banipriya",bnaik,True,True,True,True,False,1,last commit 2026-09-22T18:29:16+00:00 is after deadline | PR opened (brief said not to) -- informational
Asgn1TeamD,"Abdulkabir, Abdullahi",aaabdulkabir,True,True,True,True,False,1,last commit 2026-09-20T08:50:21+00:00 is after deadline | PR opened (brief said not to) -- informational
Asgn1TeamD,"Feitosa Secundo, Joao Paulo",jpfsecundo,True,True,True,True,False,1,last commit 2026-09-20T22:22:13+00:00 is after deadline | PR opened (brief said not to) -- informational
Asgn1TeamD,"Otinkorang, Gershon",gaotinkorang,True,True,True,True,False,1,last commit 2026-09-21T01:00:59+00:00 is after deadline | PR opened (brief said not to) -- informational
Asgn1TeamD,"Krishnan Puravankara, Gayathri",gkrishnanpur,True,True,True,True,False,1,last commit 2026-09-20T23:59:25+00:00 is after deadline | PR opened (brief said not to) -- informational
Asgn1TeamD,"Periyasamy, Prakash",pperiyasamy,True,True,True,True,True,2,PR opened (brief said not to) -- informational
Asgn1TeamE,"Rahman, Mustafizur",mustafizur23,True,True,True,True,False,1,last commit 2026-09-21T22:40:14+00:00 is after deadline | PR opened (brief said not to) -- informational
Asgn1TeamE,"., Saikiran",saikiran,True,True,True,True,False,1,last commit 2026-09-20T19:45:05+00:00 is after deadline | PR opened (brief said not to) -- informational
Asgn1TeamE,"Adekoya, Ahmed",aaadekoya,True,True,True,True,True,2,PR opened (brief said not to) -- informational
Asgn1TeamE,"Airee, Lata",lairee,True,True,True,True,False,1,last commit 2026-09-20T19:19:57+00:00 is after deadline | PR opened (brief said not to) -- informational
Asgn1TeamE,"Osayomwanbor, Tracy",tosayomwanbo,True,True,True,True,False,1,last commit 2026-09-20T19:38:20+00:00 is after deadline | PR opened (brief said not to) -- informational
Asgn1TeamF,"Shrestha, Prajeet",prajeets,True,True,True,True,True,2,PR opened (brief said not to) -- informational
Asgn1TeamF,"Tarik Aziz, Ahammed",atarikaziz,True,True,True,True,True,2,PR opened (brief said not to) -- informational
Asgn1TeamF,"Gracidas Reyes, Eduardo",egracidasrey,False,False,False,False,False,0,branch 'egracidasrey-asgn1' not found
Asgn1TeamF,"Megalraj, Anitha",amegalraj,False,False,False,False,False,0,branch 'amegalraj-asgn1' not found
Asgn1TeamG,"Tran, Dang",dhtran,True,True,True,True,True,2,PR opened (brief said not to) -- informational
Asgn1TeamG,"Akinuli, Olaleye",oaakinuli,True,True,True,True,False,1,last commit 2026-09-22T20:04:49+00:00 is after deadline | PR opened (brief said not to) -- informational
Asgn1TeamG,"Ebiboh, Pereye",pgebiboh,True,True,True,True,False,1,last commit 2026-09-22T18:25:31+00:00 is after deadline | PR opened (brief said not to) -- informational
Asgn1TeamG,"Ayenimelo, Opemipo",ooayenimelo,True,True,True,False,False,1,last commit 2026-09-22T17:23:41+00:00 is after deadline | content: merge conflict markers | PR opened (brief said not to) -- informational
Asgn1TeamG,"Nurudeen, Toheeb",tanurudeen,False,False,False,False,False,0,branch 'tanurudeen-asgn1' not found; similar branches: Tanurudeen-Asgn1
Asgn1TeamH,"Tamunowunari-Tasker, Anointing",atamunowunar,True,True,True,True,True,2,PR opened (brief said not to) -- informational
Asgn1TeamH,"Chowdhury, Md Abdul Hadi",mabdulc,True,True,True,True,False,1,last commit 2026-09-22T11:29:15+00:00 is after deadline | PR opened (brief said not to) -- informational
Asgn1TeamH,"Canova Garcia, Walder De Jesus",dcanovagarci,True,True,True,True,True,2,PR opened (brief said not to) -- informational
Asgn1TeamH,"Afedzi, Emile",eafedzi,True,True,True,True,True,2,PR opened (brief said not to) -- informational
Asgn1TeamH,"Ariyo, Michael",maariyo,True,True,True,True,True,2,
Asgn1TeamJ,T1,t1,False,False,False,False,False,0,branch 't1-asgn1' not found
Asgn1TeamJ,"Shondhy, Sumaiya",sishondhy,True,True,True,True,False,1,last commit 2026-09-22T16:18:45+00:00 is after deadline | PR opened (brief said not to) -- informational
Asgn1TeamJ,"Aladeusi, Olawale",oaaladeusi,True,True,True,True,False,1,last commit 2026-09-22T15:48:32+00:00 is after deadline | PR opened (brief said not to) -- informational
Asgn1TeamJ,T2,t2,False,False,False,False,False,0,branch 't2-asgn1' not found
Asgn1TeamJ,T3,t3,False,False,False,False,False,0,branch 't3-asgn1' not found
Asgn1TeamK,"Lwin Moe, Wai",wlwinmoe,True,True,True,True,False,1,last commit 2026-09-22T15:30:22+00:00 is after deadline | PR opened (brief said not to) -- informational
Asgn1TeamK,"Paudel, Abishek",apaudel,True,True,True,False,False,1,last commit 2026-09-22T15:16:58+00:00 is after deadline | content: student name/login not found in file | PR opened (brief said not to) -- informational
Asgn1TeamK,"Mobarak, Tasnim",tmobarak,False,False,False,False,False,0,branch 'tmobarak-asgn1' not found
Asgn1TeamK,"Abayomi, Akinola Richard",arabayomi,True,True,True,True,False,1,last commit 2026-09-20T19:01:23+00:00 is after deadline | PR opened (brief said not to) -- informational
Asgn1TeamK,"Ravichandran, Shiva Suriya",sravichandra,True,True,True,True,True,2,PR opened (brief said not to) -- informational
Asgn1TeamL,"Uddin, Md Zahin",mzuddin,True,True,True,True,False,1,last commit 2026-09-22T17:54:34+00:00 is after deadline | PR opened (brief said not to) -- informational
Asgn1TeamL,"Adejubu, Praise",padejubu,True,True,True,True,False,1,last commit 2026-09-22T03:08:54+00:00 is after deadline | PR opened (brief said not to) -- informational
Asgn1TeamL,"Rahman, Tanzim",tanzimr,True,True,True,True,False,1,last commit 2026-09-22T18:46:05+00:00 is after deadline | PR opened (brief said not to) -- informational
Asgn1TeamL,"Billah, Sadee Musaddique",sbillah,True,True,True,True,False,1,last commit 2026-09-22T18:05:04+00:00 is after deadline | PR opened (brief said not to) -- informational
Asgn1TeamL,"Chidiebere, Juliet",jochidiebere,False,False,False,False,False,0,branch 'jochidiebere-asgn1' not found
Asgn1TeamM,"Eke, Maxwellington",mceke,True,True,True,True,True,2,PR opened (brief said not to) -- informational
Asgn1TeamM,"Singh, Amar",apsingh,True,True,True,True,False,1,last commit 2026-09-22T18:26:19+00:00 is after deadline | PR opened (brief said not to) -- informational
Asgn1TeamM,"Sunday, Marvellous",mosunday,True,True,True,True,False,1,last commit 2026-09-22T17:42:31+00:00 is after deadline | PR opened (brief said not to) -- informational
Asgn1TeamM,"Shakin, Md Musab Us Saber",mmusshakin,True,True,True,True,False,1,last commit 2026-09-22T18:13:18+00:00 is after deadline | PR opened (brief said not to) -- informational
Asgn1TeamM,"Bernal Garcia, Miguel Alvaro",abernalgarci,True,True,True,True,False,1,last commit 2026-09-22T18:37:14+00:00 is after deadline | PR opened (brief said not to) -- informational
Asgn1TeamN,"Sabzali, Jaber",jsabzali,True,True,True,True,False,1,last commit 2026-09-22T17:20:29+00:00 is after deadline | PR opened (brief said not to) -- informational
Asgn1TeamN,"Adigun, Arafat",abadigun,True,True,True,True,True,2,PR opened (brief said not to) -- informational
Asgn1TeamN,"Ogbonna, Philip",pcogbonna,True,True,True,True,False,1,last commit 2026-09-22T17:43:44+00:00 is after deadline | PR opened (brief said not to) -- informational
Asgn1TeamN,"Ponce, Chad Michael",cmaponce,True,True,True,True,False,1,last commit 2026-09-22T17:29:13+00:00 is after deadline | PR opened (brief said not to) -- informational
Asgn1TeamN,"REHMAN, MUHAMMAD IRTZA UR",miurehman,False,False,False,False,False,0,branch 'miurehman-asgn1' not found
Asgn1TeamO,"Bhattacharjee, Arpita",arpitab,True,True,True,True,False,1,last commit 2026-09-22T14:59:53+00:00 is after deadline | PR opened (brief said not to) -- informational
Asgn1TeamO,"Liu, Yuxuan",yuxuanl23,True,True,True,True,False,1,last commit 2026-09-22T20:31:49+00:00 is after deadline | PR opened (brief said not to) -- informational
Asgn1TeamO,"Aditi, Oyshi Tabassum",otaditi,True,True,True,False,False,1,last commit 2026-09-22T23:22:08+00:00 is after deadline | content: student name/login not found in file | PR opened (brief said not to) -- informational
Asgn1TeamO,"Olaniyi, Modebola",mtolaniyi,True,True,True,True,False,1,last commit 2026-09-22T22:44:54+00:00 is after deadline | PR opened (brief said not to) -- informational
Asgn1TeamP,"Rivas Barrera, María",frivasbarrer,True,True,True,True,True,2,PR opened (brief said not to) -- informational
Asgn1TeamP,"., Manpreet",mkaur26,False,False,False,False,False,0,branch 'mkaur26-asgn1' not found
Asgn1TeamP,"Roma, Mosh",mroma,True,True,True,True,False,1,last commit 2026-09-23T12:07:32+00:00 is after deadline | PR opened (brief said not to) -- informational
Asgn1TeamP,"Adewale, Mololuwa",miadewale,True,True,True,True,False,1,last commit 2026-09-22T19:18:31+00:00 is after deadline | PR opened (brief said not to) -- informational
