OrgDefinedId,Username,Last Name,First Name,GitHub ID Text Grade <Text>,Team ID Text Grade <Text>,Assignment 1 Points Grade <Numeric MaxPoints:2 Weight:12.5 Category:Assignments CategoryWeight:16>,End-of-Line Indicator
#202037586,#kyled,Dalton,Kyle,kedalton,B,,#
#202092671,#padejubu,Adejubu,Praise,femy4ever,L,,#
#202095699,#bnaik,Naik,Banipriya,banipriya940,C,,#
#202315672,#jpfsecundo,Feitosa Secundo,Joao Paulo,jp9910,D,,#
#202387610,#mustafizur23,Rahman,Mustafizur,mustafizur232,E,,#
#202388857,#mceke,Eke,Maxwellington,max-wel,M,,#
#202389480,#yuxuanl23,Liu,Yuxuan,yuxuanl2486-cmyk,O,,#
#202483493,#atarikaziz,Tarik Aziz,Ahammed,azizTarik-ui,F,,#
#202488209,#jsabzali,Sabzali,Jaber,jabysa,N,,#
#202488212,#oaakinuli,Akinuli,Olaleye,leyeaa,G,,#
#202488660,#dcanovagarci,Canova Garcia,Walder De Jesus,wjcanova-code,H,,#
#202488732,#mzuddin,Uddin,Md Zahin,Zahin52,L,,#
#202488969,#dhtran,Tran,Dang,danghtran,G,,#
#202493063,#gaotinkorang,Otinkorang,Gershon,gotinkorang1,D,,#
#202580303,#maariyo,Ariyo,Michael,ariyomichael-maariyo,H,,#
#202580369,#aaadekoya,Adekoya,Ahmed,iamhammyboi19,E,,#
#202580677,#iaokraku,Okraku,Isaac,okraks,J,,#
#202580698,#tmobarak,Mobarak,Tasnim,tasnimpro1825-dev,K,,#
#202581528,#tanzimr,Rahman,Tanzim,rahmantanzim,L,,#
#202582280,#samridhb,Barthaval,Samridh,Samridh2305,B,,#
#202582964,#abernalgarci,Bernal Garcia,Miguel Alvaro,abernalgarci-mun,M,,#
#202583018,#ooayenimelo,Ayenimelo,Opemipo,ooayenimelo,G,,#
#202583182,#fphosearamon,Hosea-Ramon,Fortune,ghosthr-mun,J,,#
#202583197,#tarbiah,Hasan,Tarbia,TarbiaHasan,F,,#
#202583213,#pcogbonna,Ogbonna,Philip,Philip007active,N,,#
#202583307,#frivasbarrer,Rivas Barrera,María,MaferRb,P,,#
#202583341,#mabdulc,Chowdhury,Md Abdul Hadi,hadiChowdhury,H,,#
#202583603,#saikiran,.,Saikiran,saikiran6694,E,,#
#202583608,#otaditi,Aditi,Oyshi Tabassum,,,,#
#202583673,#akanaiyalalp,Patel,Akshkumar Kanaiyalal,aksh-me,B,,#
#202583718,#jochidiebere,Chidiebere,Juliet,,,,#
#202583757,#jrdoriwala,Doriwala,Jeet Rakesh,Jeet09-Oven,C,,#
#202584511,#gkrishnanpur,Krishnan Puravankara,Gayathri,aria-21z,D,,#
#202584550,#deimaha,Imaha,Destiny,Des7tiny,A,,#
#202680103,#lairee,Airee,Lata,LataAiree,E,,#
#202680119,#amegalraj,Megalraj,Anitha,Anitha2308,F,,#
#202680150,#arabayomi,Abayomi,Akinola Richard,abayomirichard,K,,#
#202680209,#jmamichealra,Micheal Raj,Jerom Mariya Antony,JeromMariyaAntony,C,,#
#202680233,#tanurudeen,Nurudeen,Toheeb,Tanurudeen,G,,#
#202680417,#apsingh,Singh,Amar,amarpsp10,M,,#
#202680535,#pcuzochukwu,Uzochukwu,Precious,uzor13,A,,#
#202680794,#cmaponce,Ponce,Chad Michael,cmaponce-munSWE,N,,#
#202680822,#dtdominic,Dominic,Daniel,ddan18,A,,#
#202680825,#aaabdulkabir,Abdulkabir,Abdullahi,abdullahiabdulkabir,D,,#
#202681021,#amuhammadraj,Muhammad Raji,Muhammad Sadiq,Algorithman88,B,,#
#202681062,#sishondhy,Shondhy,Sumaiya,Sumaiya,J,,#
#202681138,#eafedzi,Afedzi,Emile,eafedzi26,H,,#
#202681166,#arpitab,Bhattacharjee,Arpita,ArpitaBhattacharjee,O,,#
#202681197,#karmag,Gurung,Karma,PurpleBuffalo64,J,,#
#202681258,#pgebiboh,Ebiboh,Pereye,2preye,G,,#
#202681309,#pperiyasamy,Periyasamy,Prakash,pperiyasamy-4404,D,,#
#202681437,#atamunowunar,Tamunowunari-Tasker,Anointing,Cherryland120,H,,#
#202681480,#mosunday,Sunday,Marvellous,SundayMarvellous,M,,#
#202682085,#oaaladeusi,Aladeusi,Olawale,oaaladeusi,J,,#
#202682265,#sravichandra,Ravichandran,Shiva Suriya,rshivasuriya-del,K,,#
#202682367,#sbillah,Billah,Sadee Musaddique,smbtbillah,L,,#
#202683228,#mmusshakin,Shakin,Md Musab Us Saber,mdShakin202683228,M,,#
#202683404,#miurehman,REHMAN,MUHAMMAD IRTZA UR,MuhammadIrtzaUrRehman,N,,#
#202683489,#ukarki,Karki,Utsav,utsav1o1,A,,#
#202683565,#egracidasrey,Gracidas Reyes,Eduardo,EuardoGracidas,F,,#
#202683571,#mrkkhan,Khan,Md Rafiul Karim,rafikk93,C,,#
#202683572,#moskhan,Khan,Md Omar Shohid,omarshohidkhan,B,,#
#202684017,#tosayomwanbo,Osayomwanbor,Tracy,tracyosayomwanbor,E,,#
#202684309,#mrreaz,Reaz,Md. Rafid,rafidreaz,C,,#
#202684471,#abadigun,Adigun,Arafat,Bisola14,N,,#
#202684491,#prajeets,Shrestha,Prajeet,Prajeet-Shrestha,F,,#
#202684719,#miadewale,Adewale,Mololuwa,molo-ade,P,,#
#202684905,#mtolaniyi,Olaniyi,Modebola,Modebola21,O,,#
#202684964,#apaudel,Paudel,Abishek,abishekpaudel,K,,#
#202685089,#mkaur26,.,Manpreet,New-Man-Coder,P,,#
#202685117,#mroma,Roma,Mosh,tanjilaroma,P,,#
#202685271,#wlwinmoe,Lwin Moe,Wai,wailwinmoe,K,,#
#202685362,#mkhadka,Khadka,Margashi,margashikhadka123,A,,#