OrgDefinedId,Username,Github ID Text Grade,Team ID Text Grade, End-of-Line Indicator
202037586,kyled,kedalton,B,#
202095699,bnaik,banipriya940,C,#
202315672,jpfsecundo,jp9910,D,#
202387610,mustafizur23,mustafizur232,E,#
202483063,daojingl,daojingl,F,#
202488212,oaakinuli,leyeaa,G,#
202488660,dcanovagarci,wjcanova-code,H,#
202580677,iaokraku,okraks,J,#
202580698,tmobarak,tasnimpro1825-dev,K,#
202580736,sdalmia,Sdalmia25,L,#
202582964,abernalgarci,abernalgarci-mun,M,#
202583213,pcogbonna,Philip007active,N,#
202583307,frivasbarrer,MaferRb,P,#
202583673,akanaiyalalp,aksh-me,B,#
202583757,jrdoriwala,Jeet09-Oven,C,#
202584511,gkrishnanpur,aria-21z,D,#
202680103,lairee,LataAiree,E,#
202680119,amegalraj,Anitha2308,F,#
202680233,tanurudeen,Tanurudeen,G,#
202681138,eafedzi,eafedzi26,H,#
202681197,karmag,PurpleBuffalo64,J,#
202682265,sravichandra,rshivasuriya-del,K,#
202682367,sbillah,smbtbillah,L,#
202683228,mmusshakin,mdShakin202683228,M,#
202683404,miurehman,MuhammadIrtzaUrRehman,N,#
202684719,miadewale,molo-ade,P,#
202685089,mkaur26,New-Man-Coder,P,#
202685117,mroma,tanjilaroma,P,#
202685362,mkhadka,margashikhadka123,A,#
