repo,student,munname,github
Asgn1TeamA,"Uzochukwu, Precious",pcuzochukwu,Uzor13
Asgn1TeamA,"Karki, Utsav",ukarki,utsav1o1
Asgn1TeamA,"Dominic, Daniel",dtdominic,ddan18
Asgn1TeamA,"Imaha, Destiny",deimaha,Des7tiny
Asgn1TeamA,"Khadka, Margashi",mkhadka,margashikhadka123
Asgn1TeamB,"Muhammad Raji, Muhammad Sadiq",amuhammadraj,Algorithman88
Asgn1TeamB,"Dalton, Kyle",kyled,kedalton
Asgn1TeamB,"Barthaval, Samridh",samridhb,Samridh2305
Asgn1TeamB,"Patel, Akshkumar Kanaiyalal",akanaiyalalp,aksh-me
Asgn1TeamB,"Khan, Md Omar Shohid",moskhan,omarshohidkhan
Asgn1TeamC,"Khan, Md Rafiul Karim",mrkkhan,rafikk93
Asgn1TeamC,"Reaz, Md. Rafid",mrreaz,rafidreaz
Asgn1TeamC,"Doriwala, Jeet Rakesh",jrdoriwala,Jeet09-Oven
Asgn1TeamC,"Micheal Raj, Jerom Mariya Antony",jmamichealra,JeromMariyaAntony
Asgn1TeamC,"Naik, Banipriya",bnaik,banipriya940
Asgn1TeamD,"Abdulkabir, Abdullahi",aaabdulkabir,AbdullahiAbdulkabir
Asgn1TeamD,"Feitosa Secundo, Joao Paulo",jpfsecundo,Jp9910
Asgn1TeamD,"Otinkorang, Gershon",gaotinkorang,gotinkorang1
Asgn1TeamD,"Krishnan Puravankara, Gayathri",gkrishnanpur,aria-21z
Asgn1TeamD,"Periyasamy, Prakash",pperiyasamy,pperiyasamy-4404
Asgn1TeamE,"Rahman, Mustafizur",mustafizur23,mustafizur232
Asgn1TeamE,"., Saikiran",saikiran,saikiran6694
Asgn1TeamE,"Adekoya, Ahmed",aaadekoya,iamhammyboi19
Asgn1TeamE,"Airee, Lata",lairee,LataAiree
Asgn1TeamE,"Osayomwanbor, Tracy",tosayomwanbo,tracyosayomwanbor
Asgn1TeamF,"Shrestha, Prajeet",prajeets,Prajeet-Shrestha
Asgn1TeamF,"Tarik Aziz, Ahammed",atarikaziz,azizTarik-ui
Asgn1TeamF,"Gracidas Reyes, Eduardo",egracidasrey,EuardoGracidas
Asgn1TeamF,"Megalraj, Anitha",amegalraj,Anitha2308
Asgn1TeamG,"Tran, Dang",dhtran,danghtran
Asgn1TeamG,"Akinuli, Olaleye",oaakinuli,leyeaa
Asgn1TeamG,"Ebiboh, Pereye",pgebiboh,2preye
Asgn1TeamG,"Ayenimelo, Opemipo",ooayenimelo,ooayenimelo
Asgn1TeamG,"Nurudeen, Toheeb",tanurudeen,Tanurudeen
Asgn1TeamH,"Tamunowunari-Tasker, Anointing",atamunowunar,Cherryland120
Asgn1TeamH,"Chowdhury, Md Abdul Hadi",mabdulc,hadiChowdhury
Asgn1TeamH,"Canova Garcia, Walder De Jesus",dcanovagarci,wjcanova-code
Asgn1TeamH,"Afedzi, Emile",eafedzi,eafedzi26
Asgn1TeamH,"Ariyo, Michael",maariyo,AriyoMichael-maariyo
Asgn1TeamJ,T1,t1,okraks
Asgn1TeamJ,"Shondhy, Sumaiya",sishondhy,sishondhy
Asgn1TeamJ,"Aladeusi, Olawale",oaaladeusi,oaaladeusi
Asgn1TeamJ,T2,t2,ghosthr-mun
Asgn1TeamJ,T3,t3,PurpleBuffalo64
Asgn1TeamK,"Lwin Moe, Wai",wlwinmoe,wailwinmoe
Asgn1TeamK,"Paudel, Abishek",apaudel,abishekpaudel
Asgn1TeamK,"Mobarak, Tasnim",tmobarak,tasnimpro1825-dev
Asgn1TeamK,"Abayomi, Akinola Richard",arabayomi,abayomirichard
Asgn1TeamK,"Ravichandran, Shiva Suriya",sravichandra,rshivasuriya-del
Asgn1TeamL,"Uddin, Md Zahin",mzuddin,Zahin52
Asgn1TeamL,"Adejubu, Praise",padejubu,femy4ever
Asgn1TeamL,"Rahman, Tanzim",tanzimr,rahmantanzim
Asgn1TeamL,"Billah, Sadee Musaddique",sbillah,smbtbillah
Asgn1TeamL,"Chidiebere, Juliet",jochidiebere,Juli2711
Asgn1TeamM,"Eke, Maxwellington",mceke,max-wel
Asgn1TeamM,"Singh, Amar",apsingh,Amarpsp10
Asgn1TeamM,"Sunday, Marvellous",mosunday,SundayMarvellous
Asgn1TeamM,"Shakin, Md Musab Us Saber",mmusshakin,mdShakin202683228
Asgn1TeamM,"Bernal Garcia, Miguel Alvaro",abernalgarci,abernalgarci-mun
Asgn1TeamN,"Sabzali, Jaber",jsabzali,jabysa
Asgn1TeamN,"Adigun, Arafat",abadigun,Bisola14
Asgn1TeamN,"Ogbonna, Philip",pcogbonna,Philip007active
Asgn1TeamN,"Ponce, Chad Michael",cmaponce,cmaponce-munSWE
Asgn1TeamN,"REHMAN, MUHAMMAD IRTZA UR",miurehman,MuhammadIrtzaUrRehman
Asgn1TeamO,"Bhattacharjee, Arpita",arpitab,ArpitaBhattacharjee
Asgn1TeamO,"Liu, Yuxuan",yuxuanl23,yuxuanl2486-cmyk
Asgn1TeamO,"Aditi, Oyshi Tabassum",otaditi,oyshitabassum
Asgn1TeamO,"Olaniyi, Modebola",mtolaniyi,Modebola21
Asgn1TeamP,"Rivas Barrera, María",frivasbarrer,MaferRb
Asgn1TeamP,"., Manpreet",mkaur26,New-Man-Coder
Asgn1TeamP,"Roma, Mosh",mroma,tanjilaroma
Asgn1TeamP,"Adewale, Mololuwa",miadewale,molo-ade